/* populate db */
INSERT INTO Tweets VALUES (80000001,'I Love GW',102543329, 3,2, 9/8/2013, 'happy', 38.8856983,-77.031566);
INSERT INTO Tweets VALUES (80000002,'I hate GW',102543388, 0,1, 1/18/2015, 'mad', 38.8854803,-77.0398566);
INSERT INTO Tweets VALUES (80000003,'I dont Love GW',912543329, 2,12, 4/8/2015, 'neutral', 38.8811983,-77.0466);
INSERT INTO Tweets VALUES (80000004,'GW is okay',102500329, 0,9, 5/1/2013, 'neutral', 38.886913,-77.0421568);
INSERT INTO Tweets VALUES (80000005,'I really Love GW',102543329, 1,0, 9/9/2013, 'happy', 38.8856988,-77.041566);
INSERT INTO Tweets VALUES (80000006,'Had fun at the Web Dev Seminar',122243300, 0,0, 8/6/2014, 'happy', 38.888978,-77.0424466);
INSERT INTO Tweets VALUES (80000007,'I really Love Tech Collective',102543329, 1,0, 9/9/2013, 'happy', 38.880588,-77.0401566);
INSERT INTO Tweets VALUES (80000008,'I really sad I missed the College Republicans meeting :(',102543119, 1,1, 9/9/2013, 'sad', 38.880988,-77.039566);
INSERT INTO Tweets VALUES (80000009,'Very mad at GW Package Services!!!',100387946, 2,2, 8/6/2014, 'mad', 38.87667, -77.031902);
INSERT Into Tweets VALUES (80000010,'What to do today?', 100873625, 1,0,1/1/2015, 'neutral', 38.880784, -77.027463);
INSERT INTO Tweets VALUES (80000011,'Happy I chose to live in Thurston Hall', 100873611, 5,2,1/1/2014, 'happy', 38.8610334, -77.0497113);
INSERT INTO Tweets Values (80000012, 'Sad about the weather today', 101273625, 1,0,1/1/2015, 'sad', 38.890784, -77.03897463);
INSERT INTO Tweets VALUES (80000013, 'blah', 100002345, 1,1,2/4/2014, 'neutral', 39.66456,-77.0323564);
INSERT INTO Tweets VALUES (80000014, 'tweet me', 110002345, 1,1,2/4/2014, 'neutral', 39.78456,-77.0323167);
INSERT INTO Tweets VALUES (80000015, 'yay twitter', 100002045, 1,0,2/3/2014,'positive', 39.88456,-77.0323567);
INSERT INTO Tweets VALUES (80000016, 'bleh', 100012345, 1,1,2/4/2014, 'neutral', 39.8843406,-77.04567);

INSERT INTO Yaks VALUES (70000001, 'GW is a college', 40205908, 11, 'neutral', 84752930,-78.2398476);
INSERT INTO Yaks VALUES (70000002, 'go UMD', 40201108, 2,'positive', 84112930, -76.2328476);
INSERT INTO Yaks VALUES (70000003, 'i just failed that exam :(',11105908, 3, 'sad', 8752930, -77.2392276);
INSERT INTO Yaks VALUES (70000004, 'today it is cloudy', 04305908, 11, 'neutral', 32.84752904,-76.1198476);
INSERT INTO Yaks VALUES (70000005, 'I HATE IT HERE', 40205908, 11, 'negative', 8475222, -78.2391076);
INSERT INTO Yaks VALUES (70000006, 'I LOVE IT HERE', 40205907, 8,'positive', 8475211, -77.2391076);
INSERT INTO Yaks VALUES (70000007, 'I LOVE sql', 40205807, 8,'positive', 8475011, -77.2391000);
INSERT INTO Yaks VALUES (70000008, 'I LOVE IT HERE', 40205907, 8,'positive', 8475211, -77.2391076);
INSERT INTO Yaks VALUES (70000009, 'GLad i chose a school in the city', 40205900, 4, 'happy', 8455211, -77.2391010);
INSERT INTO Yaks VALUES (70000010, 'I LOVE GELMAN LIBRARY', 40205901, -4,'positive', 8475211, -77.2391076);
INSERT INTO Yaks VALUES (70000011, 'I HATE JBKO', 40205907, -7, 'negative', 8475211, -77.2391076);
INSERT INTO Yaks VALUES (70000012, 'I LOVE IT HERE', 40205907, 8,'positive', 8475211, -77.2391076);
INSERT INTO Yaks VALUES (70000013, 'GW Writing Center is actually very helpful', 40200007, 2,'positive', 8475000, -77.2391010);
INSERT INTO Yaks VALUES (70000014, 'I LOVE IT HERE', 40205907, 8,'positive', 8475211, -77.2391076);
INSERT INTO Yaks VALUES (70000015, 'I LOVE YAF', 40205906, 8,'positive', 8475211, -76.2391076);
INSERT INTO Yaks VALUES (70000016, 'I LOVE DC', 40105907, 6,'positive', 8475200, -76.2391086);


INSERT INTO FBstatus VALUES (60000001,'Woke up feeling great!',49875304,'positive', 1/9/2013, 3, 7);
INSERT INTO FBstatus VALUES (60000002,'Woke up feeling okay', 10875304, 'neutral', 2/8/2012, 0, 4);
INSERT INTO FBstatus VALUES (60000003,'Everything is  great!',49098704,'positive', 10/9/2014, 1, 9);
INSERT INTO FBstatus VALUES (60000004,'That sounds great!',1101304,'positive', 8/8/2010, 13, 17);
INSERT INTO FBstatus VALUES (60000005,'Everything sucks!',404404040, 'negative', 9/9/2013, 0, 8);
INSERT INTO FBstatus VALUES (60000006,'Thurston Hall Rocks!',401104040,'positive', 8/9/2013, 1, 3);
INSERT INTO FBstatus VALUES (60000007,'Mitchell Hall sucks!',404894040, 'negative', 4/9/2013, 2, 0);
INSERT INTO FBstatus VALUES (60000008,'Gelman sucks!',408004040, 'negative', 8/4/2013, 0, 3);
INSERT INTO FBstatus VALUES (60000009,'Read things aloud to aid memorization',404404041, 'neutral', 7/9/2014, 0, 0);
INSERT INTO FBstatus VALUES (60000010,'I love using GW Package Services', 400001123,'positive', 3/4/2013, 1,2);
INSERT INTO FBstatus VALUES (60000011,'Everything sucks!',404404040, 'negative', 9/9/2013, 0, 8);
INSERT INTO FBstatus VALUES (60000012,'Caught a fish today',404404041, 'neutral', 9/8/2014, 1, 1);
INSERT INTO FBstatus VALUES (60000013,'going to class sucks!',404404020, 'negative', 9/9/2013, 3, 2);
INSERT INTO FBstatus VALUES (60000014,'Lorem ipsum',401004020, 'neutral', 7/9/2013, 3, 2);
INSERT INTO FBstatus VALUES (60000015,'Marvin Center is great!',404401020,'positive', 9/3/2013, 1, 2);
INSERT INTO FBstatus VALUES (60000016,'Georgetown sucks!',408204020, 'negative', 9/9/2013, 3, 0);
INSERT INTO FBstatus VALUES (60000017,'Thankful for the Key Depot at GW',402104020,'positive', 5/19/2014, 3, 12);
INSERT INTO FBstatus VALUES (60000018,'going to class sucks!',403404020, 'negative', 9/9/2013, 3, 2);


INSERT INTO Building VALUES (10001, 'Thurston Hall', '1900 F St. N.W. Washington D.C','Residential');
INSERT INTO Building VALUES (10002, 'Potomac Hall', '2021 F Street, N.W. Washington, D.C','Residential');
INSERT INTO Building VALUES (10003, 'Mitchell Hall', '514 19th St N.W., Washington, D.C','Residential');
INSERT INTO Building VALUES (10004, 'JBKO', '2222 Eye Street N.W. Washington, D.C','Residential');
INSERT INTO Building VALUES (10005, 'Gelman Library', '2130 H St NW, Washington, DC', 'Library');
INSERT INTO Building VALUES (10006, 'Marvin Center', '800 21st St NW, Washington, DC', 'Student Center');
INSERT INTO Building VALUES (10007, 'Support Building', '2025 F St NW Washington D.C', 'Facilities');

INSERT INTO SchoolOffice VALUES (200001, 'Registrar', 10006, 1);
INSERT INTO SchoolOffice VALUES (200002, 'Package Services', 10007, 1);
INSERT INTO SchoolOffice VALUES (200003, 'Key Depot', 10007, 2);
INSERT INTO SchoolOffice VALUES (200004, 'Writing Center', 10005, 2);
INSERT INTO SchoolOffice VALUES (200005, 'Campus Support Services', 10006, 2);

INSERT INTO StudentOrg VALUES (30000001, 'Student Dining Board', 10006);
INSERT INTO StudentOrg VALUES (30000002, 'Tech Collective', 10005);
INSERT INTO StudentOrg VALUES (30000003, 'College Republicans', 10001);
INSERT INTO StudentOrg VALUES (30000004, 'College Democrats', 10001);
INSERT INTO StudentOrg VALUES (30000005, 'YAF', 10002);
INSERT INTO StudentOrg VALUES (30000006, 'Students for Legalizing Crime', 10004);
INSERT INTO StudentOrg VALUES (30000007, 'Future Business Leaders of America', 10005);
INSERT INTO StudentOrg VALUES (30000008, 'Philosophy Club', 10005);

INSERT INTO Event VALUES (4000001, 'Web Dev Seminar', 10005, 30000002, NULL);
INSERT INTO Event VALUES (4000002, 'Startup Seminar', 10006, 30000007, NULL);
INSERT INTO Event VALUES (4000003, 'Ethics Seminar', 10005, 30000008, NULL);
INSERT INTO Event VALUES (4000004, 'Democracy Guest Speaker', 10003, 30000004, NULL);
INSERT INTO Event VALUES (4000005, 'Resume Seminar', 10005, 30000007, 200004);

INSERT INTO Sentiment VALUES ('positive',, 3);
INSERT INTO Sentiment VALUES ('negative', -3);
INSERT INTO Sentiment VALUES ('neutral', 0);
INSERT INTO Sentiment VALUES ('mad', -5);
INSERT INTO Sentiment VALUES ('happy', 5);

INSERT INTO Post VALUES (900001, 70000001, NULL, NULL);
INSERT INTO Post VALUES (900002, 70000002, NULL, NULL);
INSERT INTO Post VALUES (900003, 70000003, NULL, NULL);
INSERT INTO Post VALUES (900004, 70000004, NULL, NULL);
INSERT INTO Post VALUES (900005, 70000005, NULL, NULL);
INSERT INTO Post VALUES (900006, 70000006, NULL, NULL);
INSERT INTO Post VALUES (900007, 70000007, NULL, NULL);
INSERT INTO Post VALUES (900008, 70000008, NULL, NULL);
INSERT INTO Post VALUES (900009, 70000009, NULL, NULL);
INSERT INTO Post VALUES (900010, 70000010, NULL, NULL);
INSERT INTO Post VALUES (900011, 70000011, NULL, NULL);
INSERT INTO Post VALUES (900012, 70000012, NULL, NULL);
INSERT INTO Post VALUES (900013, 70000013, NULL, NULL);
INSERT INTO Post VALUES (900014, 70000014, NULL, NULL);
INSERT INTO Post VALUES (900015, 70000015, NULL, NULL);
INSERT INTO Post VALUES (900016, 70000016, NULL, NULL);
INSERT INTO Post VALUES (900017, NULL, NULL, 80000001);
INSERT INTO Post VALUES (900018, NULL, NULL, 80000002);
INSERT INTO Post VALUES (900019, NULL, NULL, 80000003);
INSERT INTO Post VALUES (900020, NULL, NULL, 80000004);
INSERT INTO Post VALUES (900021, NULL, NULL, 80000005);
INSERT INTO Post VALUES (900022, NULL, NULL, 80000006);
INSERT INTO Post VALUES (900023, NULL, NULL, 80000007);
INSERT INTO Post VALUES (900024, NULL, NULL, 80000008);
INSERT INTO Post VALUES (900025, NULL, NULL, 80000009);
INSERT INTO Post VALUES (900026, NULL, NULL, 80000010);
INSERT INTO Post VALUES (900027, NULL, NULL, 80000011);
INSERT INTO Post VALUES (900028, NULL, NULL, 80000012);
INSERT INTO Post VALUES (900029, NULL, NULL, 80000013);
INSERT INTO Post VALUES (900030, NULL, NULL, 80000014);
INSERT INTO Post VALUES (900031, NULL, NULL, 80000015);
INSERT INTO Post VALUES (900032, NULL, NULL, 80000016);
INSERT INTO Post VALUES (900033, NULL, 60000001, NULL);
INSERT INTO Post VALUES (900034, NULL, 60000002, NULL);
INSERT INTO Post VALUES (900035, NULL, 60000003, NULL);
INSERT INTO Post VALUES (900036, NULL, 60000004, NULL);
INSERT INTO Post VALUES (900037, NULL, 60000005, NULL);
INSERT INTO Post VALUES (900038, NULL, 60000006, NULL);
INSERT INTO Post VALUES (900039, NULL, 60000007, NULL);
INSERT INTO Post VALUES (900040, NULL, 60000008, NULL);
INSERT INTO Post VALUES (900041, NULL, 60000009, NULL);
INSERT INTO Post VALUES (900042, NULL, 60000010, NULL);
INSERT INTO Post VALUES (900043, NULL, 60000011, NULL);
INSERT INTO Post VALUES (900044, NULL, 60000012, NULL);
INSERT INTO Post VALUES (900045, NULL, 60000013, NULL);
INSERT INTO Post VALUES (900046, NULL, 60000014, NULL);
INSERT INTO Post VALUES (900047, NULL, 60000015, NULL);
INSERT INTO Post VALUES (900048, NULL, 60000016, NULL);
INSERT INTO Post VALUES (900049, NULL, 60000017, NULL);
INSERT INTO Post VALUES (900050, NULL, 60000018, NULL);

/*traitid varchar(25) primary key,
	postid varchar(25),
	buildingid varchar(5),
	officeid varchar(25),
	studentorgid varchar(25),
	eventid varchar(25),
	*/

INSERT INTO About VALUES (201, 900015,NULL,NULL,30000005,NULL);
INSERT INTO About VALUES (202, 900013,NULL,200004,NULL,NULL);
INSERT INTO About VALUES (203, 900011,10004,NULL,NULL,NULL);
INSERT INTO About VALUES (204, 900010,10005,NULL,NULL,NULL);
INSERT INTO About VALUES (205, 900027,10001,NULL,NULL,NULL);
INSERT INTO About VALUES (206, 900025,NULL,200002,NULL,NULL);
INSERT INTO About VALUES (207, 900024,NULL,NULL,30000003,NULL);
INSERT INTO About VALUES (208, 900023,NULL,NULL,30000002,NULL);
INSERT INTO About VALUES (209, 900024,NULL,NULL,NULL,4000001);
INSERT INTO About VALUES (210, 900049,NULL,NULL,200003,NULL);
INSERT INTO About VALUES (211, 900047,10006,NULL,NULL,NULL);
INSERT INTO About VALUES (212, 900042, NULL, 200002, NULL, NULL);
INSERT INTO About VALUES (213, 900040, 10005, NULL, NULL, NULL);
INSERT INTO About VALUES (214, 900039, 10003, NULL, NULL, NULL);
INSERT INTO About VALUES (215, 900038, 10001, NULL, NULL, NULL);

INSERT INTO Building VALUES (001, 'SEH',NULL,NULL);
INSERT INTO Building VALUES (002, 'gelman',NULL,NULL);
INSERT INTO Building VALUES (003, 'monroe',NULL,NULL);
INSERT INTO Building VALUES (004, 'samsun',NULL,NULL);
INSERT INTO Building VALUES (005, 'philpis',NULL,NULL);
INSERT INTO Building VALUES (006, 'corcoran',NULL,NULL);
INSERT INTO Building VALUES (007, 'duques',NULL,NULL);
INSERT INTO Building VALUES (008, 'funger',NULL,NULL);
INSERT INTO Building VALUES (009, 'ross',NULL,NULL);
INSERT INTO Building VALUES (010, 'eliott',NULL,NULL);
INSERT INTO Building VALUES (011, 'thurston',NULL,NULL);
